codigo_stn,local_monitoramento,ano,estado,tipo_corpo_agua,ph_medio,oxigenio_dissolvido_medio,nitrato_medio_mg_l,coliformes_totais_medio,coliformes_fecais_medio,fecal_medio,temperatura_media_c,condutividade_media,bod_medio_mg_l,agua_boa_ph,agua_boa_oxigenio,agua_boa_nitrato,agua_boa_coliformes_totais,agua_boa_coliformes_fecais,agua_boa_temperatura,agua_boa_condutividade,agua_boa_bod,agua_boa_geral
4085,"RIVER JUMAR AT BIT MESRA, RANCHI",2022,JHARKHAND,RIVER,6.55,4.25,,,,,20.5,,2.45,1,0,0,0,0,1,0,1,0
2396,RIVER JUMAR AT KANKE DAM,2022,JHARKHAND,RIVER,7.55,6.550000000000001,,,,,19.0,,2.55,1,1,0,0,0,1,0,1,0
2401,RIVER AJAY AT MASANJORE DAM,2022,JHARKHAND,RIVER,7.65,6.199999999999999,,,,,26.5,206.0,1.4500000000000002,1,1,0,0,0,1,1,1,0
3554,"RIVER KONAR NEAR SWANG COAL WASHERY, BOKARO",2022,JHARKHAND,RIVER,7.449999999999999,7.6,,,,,26.5,,2.25,1,1,0,0,0,1,0,1,0
2390,RIVER KONAR AT TENUGHAT DAM,2022,JHARKHAND,RIVER,7.6,7.7,,,,,24.5,,1.65,1,1,0,0,0,1,0,1,0
4000,RIVER GARGA NEAR TELMUCHO BRIDGE,2022,JHARKHAND,RIVER,7.35,7.0,,,,,22.5,,2.9000000000000004,1,1,0,0,0,1,0,1,0
2381,RIVER BOKARO AT ZARANGDIH BRIDGE,2022,JHARKHAND,RIVER,7.3,7.699999999999999,,,,,26.0,,2.2,1,1,0,0,0,1,0,1,0
1034,"RIVER SANKH AT BOLBA, JHARKHAND",2022,JHARKHAND,RIVER,7.4,8.15,,,,,19.5,,1.4500000000000002,1,1,0,0,0,1,0,1,0
2392,RIVER BARAKAR AT MAITHAN DAM,2022,JHARKHAND,RIVER,7.5,7.55,,,,,19.5,,1.7999999999999998,1,1,0,0,0,1,0,1,0
3555,"RIVER DAMODAR NEAR ZARANGDIH BRIDGE, BOKARO",2022,JHARKHAND,RIVER,7.5,8.1,,,,,25.5,,2.25,1,1,0,0,0,1,0,1,0
4083,"RIVER DAMODAR NEAR ROHINI PROJECT, NK AREA, PO-DAKRA, RANCHI",2022,JHARKHAND,RIVER,7.3,7.6,,,,,20.0,,2.25,1,1,0,0,0,1,0,1,0
3553,RIVER DAMODAR NEAR TELMUCHO BRIDGE,2022,JHARKHAND,RIVER,7.550000000000001,7.9,,,,,22.25,,2.85,1,1,0,0,0,1,0,1,0
1510,RIVER TONS AT TIUNI (HIMACHAL PRADESH/UTTRA KHAND BORDER),2022,HIMACHAL PRADESH,RIVER,7.83,8.05,1.135,84.71127433818948,8.12403840463596,,16.0,527.5,,1,1,1,1,1,1,1,0,0
30023,RIVER TONS AT HARIPUR (U.K.),2022,UTTARAKHAND,RIVER,8.3,9.05,0.42,1013.4100848126586,289.8275349237888,,18.75,224.0,,1,1,1,0,0,1,1,0,0
4027,RIVER GIRI D/S RAJGARH TOWN,2022,HIMACHAL PRADESH,RIVER,7.91,7.9,0.755,165.22711641858305,32.2490309931942,,23.5,417.0,,1,1,1,1,1,1,1,0,0
4028,"RIVER GIRI D/S KALGIDHAR TRUST, BARU SAHIB",2022,HIMACHAL PRADESH,RIVER,8.02,7.8,0.775,190.78784028338916,31.84336665618132,,23.5,481.0,,1,1,1,1,1,1,1,0,0
4427,RIVER GIRI U/S CHAILLA,2022,HIMACHAL PRADESH,RIVER,7.705,7.8,1.365,104.3072384832424,8.246211251235321,,15.0,807.0,,1,1,1,1,1,1,1,0,0
2621,RIVER GIRI AT D/S YASHWANT NAGAR AFTER CONF. WITH ASHWANI KHAD AT YASHWANT NAGAR- NEAR SHANI MANDIR,2022,HIMACHAL PRADESH,RIVER,7.92,7.75,6.565,203.9607805437114,56.56854249492381,,12.0,413.5,,1,1,1,1,1,1,1,0,0
3876,RIVER GIRI AFTER CONFLUENCE OF ASHWANI RIVER AT VILLAGE MARYOG,2022,HIMACHAL PRADESH,RIVER,8.01,8.2,4.19,183.3030277982336,12.569805089976535,,12.5,457.0,,1,1,1,1,1,1,1,0,0
2622,RIVER GIRI AT U/S CCI MINES AT VILLAGE NADI,2022,HIMACHAL PRADESH,RIVER,8.045,7.55,0.585,82.46211251235322,20.71231517720798,,23.5,694.5,,1,1,1,1,1,1,1,0,0
2623,RIVER GIRI D/S SATAUN,2022,HIMACHAL PRADESH,RIVER,7.965,7.75,0.66,93.8083151964686,23.366642891095847,,23.0,699.5,,1,1,1,1,1,1,1,0,0
3877,RIVER GIRI U/S LWSS AT SAINJ,2022,HIMACHAL PRADESH,RIVER,7.755000000000001,7.65,1.595,149.66629547095766,12.489995996796797,,16.0,830.5,,1,1,1,1,1,1,1,0,0
3878,RIVER GIRI D/S LWSS AT SAINJ,2022,HIMACHAL PRADESH,RIVER,7.77,7.7,2.9450000000000003,164.92422502470643,15.588457268119896,,15.5,830.5,,1,1,1,1,1,1,1,0,0
3860,"RIVER GIRI D/S CEMENT CORPORATION OF INDIA, RAJBAN AT BANGRAN BRIDGE",2022,HIMACHAL PRADESH,RIVER,7.88,7.7,0.615,88.43076387773658,23.68543856465402,,22.5,638.5,,1,1,1,1,1,1,1,0,0
1614,"RIVER BETWA NEAR WATER SUPPLY INTAKE WELL , VIDISHA(M.P)",2022,MADHYA PRADESH,RIVER,7.605,8.55,6.66,204.939015319192,14.491376746189438,,24.5,429.5,3.2,1,1,1,1,1,1,1,1,1
2107,"RIVER BETWA AT U/S AT MAHUTA GHAT, AGASOD, BINA",2022,MADHYA PRADESH,RIVER,7.77,6.75,1.29,46.18441295502196,3.3466401061363023,,26.0,383.0,1.4500000000000002,1,1,1,1,1,1,1,1,1
2108,"RIVER BETWA AT M/S J.P. THERMAL POWER, BINA",2022,MADHYA PRADESH,RIVER,7.84,6.949999999999999,1.225,40.47221268969612,2.0,,26.0,391.0,1.5,1,1,1,1,1,1,1,1,1
2124,"RIVER BETWA AT CHARANTIRGHAT, VIDISHA",2022,MADHYA PRADESH,RIVER,8.09,9.3,9.895,438.1780460041329,28.98275349237888,,18.5,610.0,10.8,1,1,1,1,1,1,1,0,0
2125,RIVER BETWA D/S AFTER MIXING OF RIVER BAIS AT VIDISHA,2022,MADHYA PRADESH,RIVER,7.675,9.4,9.65,489.8979485566357,31.937438845342623,,25.0,624.0,9.15,1,1,1,1,1,1,1,0,0
3832,RIVER BETWA AT U/S NEAR ROAD BRIDGE ORCHHA,2022,MADHYA PRADESH,RIVER,7.83,7.05,0.425,42.98837052040936,,,26.0,365.5,1.6,1,1,1,1,0,1,1,1,0
30080,"RIVER BETWA AT KANJIA ROAD BRIDGE, KANJIA DIST.ASHOK NAGAR (M.P.)",2022,MADHYA PRADESH,RIVER,7.985,9.05,1.11,59623.820743055374,6633.2495807108,,27.0,392.0,2.45,1,1,1,0,0,1,1,1,0
2953,"RIVER KALI SINDH AT ANICUT OF M/S CFCL GADEPAN, KOTA, RAJASTHAN",2022,RAJASTHAN,RIVER,8.22,4.65,1.725,128.4523257866513,52.64978632435273,29.563490998188964,27.5,599.0,1.7000000000000002,1,0,1,1,1,1,1,1,0
2956,"RIVER KALI SINDH AT BAROD ROAD BRIDGE, KOTA, RAJASTHAN",2022,RAJASTHAN,RIVER,8.355,4.4,2.34,115.9310139695155,43.95452195167182,18.708286933869708,28.0,965.0,1.65,1,0,1,1,1,1,1,1,0
2951,"RIVER BANAS BISULPUR DAM, TONK, RAJASTHAN",2022,RAJASTHAN,RIVER,8.325,4.95,2.135,175.49928774784243,73.41661937191061,23.323807579381203,24.5,672.0,1.6,1,0,1,1,1,1,1,1,0
2952,"RIVER NEAR NEWTA DAM,JAIPUR,RAJSTHAN",2022,RAJASTHAN,RIVER,8.395,2.25,4.57,481.8713521262703,176.63521732655693,,24.5,2479.0,4.35,1,0,1,1,1,1,0,1,0
2955,"RIVER CHAMBAL ENTERING IN RAJASTHAN AT GANDHI SAGAR DAM, RAWATBHATA,CHITTORGARH",2022,RAJASTHAN,RIVER,7.74,5.8,2.315,242.4871130596428,112.24972160321823,24.677925358506133,24.0,506.0,2.35,1,1,1,1,1,1,1,1,1
3309,"RIVER CHAMBAL AT TAL VILLAGE NEAR BRIDGE, UJJAIN",2022,MADHYA PRADESH,RIVER,7.655,7.050000000000001,1.64,277.1281292110204,74.29670248402684,2.0,26.0,1124.5,4.0,1,1,1,1,1,1,1,1,1
4349,"SEA WATER, BAY OF BENGAL, AFTER CONFLUENCE OF MARINE OUTFALL OF M/S.AUROBINDO PHARMA LTD. PYDIBHEEMAVARAM (V), RANASTHALAM (M)",2022,ANDHRA PRADESH,MARINE,7.9,6.2,0.85,75.8946638440411,4.58257569495584,,25.5,35550.0,1.85,1,1,1,1,1,1,0,1,0
4352,"SEA WAER BAY OF BENGAL, AFTER CONFLUENCE OF MARINE OUTFALL OF M/S MATRIX LABORATORIES LTD THAMMAYYAPALEM (V) PUSAPATIREGA (M)",2022,ANDHRA PRADESH,MARINE,8.1,5.9,0.6,90.49861877399012,5.744562646538029,,26.5,44300.0,2.1,1,1,1,1,1,1,0,1,0
4357,"RUSHIKONDA BEACH,VISAKHAPATNAM",2022,ANDHRA PRADESH,BEACH,8.1,5.9,0.725,76.48529270389177,6.48074069840786,,27.0,43700.0,2.05,1,1,1,1,1,1,0,1,0
4361,"SEA WATER BAY BENGAL, UPPADA BEACH ROAD, KAKINADA",2022,ANDHRA PRADESH,BEACH,8.15,6.2,0.87,84.8528137423857,7.745966692414834,,26.5,28100.0,2.5,1,1,1,1,1,1,0,1,0
4362,"SEA WATER, BAY OF BENGAL NEAR DEEP WATER PORT, KAKINADA (1KM AWAY FROM JETTY)",2022,ANDHRA PRADESH,SEA,7.9,6.65,2.07,185.7417562100671,9.591663046625438,,26.0,25580.5,3.05,1,1,1,1,1,1,0,1,0
4363,"SEA WATER BAY OF BENGAL NEAR KUMBHABHISHEKAM TEMPALE, KAKINADA",2022,ANDHRA PRADESH,SEA,7.649999999999999,6.6,2.585,171.58088471621772,7.937253933193772,,25.0,23740.5,2.5,1,1,1,1,1,1,0,1,0
4371,"SEA WATER, BAY OF BENGAL AFTER CONFLUENCE OF RIVER VASHISTA GODAVARI AT CHINNAMAINAVARILANKA (V), NARSAPUR (M)",2022,ANDHRA PRADESH,MARINE,8.1,6.55,0.7649999999999999,76.68115805072325,6.48074069840786,,26.0,29400.0,1.65,1,1,1,1,1,1,0,1,0
4378,"SEA WATER, BAY OF BENGAL, MANGINAPUDI BEACH, MACHILIPATNAM (V & M)",2022,ANDHRA PRADESH,BEACH,7.75,6.15,1.325,137.4772708486752,5.744562646538029,2.8284271247461903,26.0,48350.0,2.6,1,1,1,1,1,1,0,1,0
4383,"SEA WATER BAY OF BENGAL, FISHING HARBOUR, NIZAMPATNAM (V & M)",2022,ANDHRA PRADESH,MARINE,7.65,5.65,1.335,131.93938001976514,6.244997998398398,3.1622776601683795,23.0,41100.0,2.6,1,1,1,1,1,1,0,1,0
4385,"SEA WATER, BAY OF BENGAL, KOTHAPATNAM BEACH",2022,ANDHRA PRADESH,BEACH,7.9,5.85,1.265,150.51910177781423,7.3484692283495345,3.4641016151377544,24.0,45400.0,2.55,1,1,1,1,1,1,0,1,0
4386,"SEA WATER, BAY OF BENGAL, VODAREVU BEACH, CHIRALA",2022,ANDHRA PRADESH,BEACH,7.85,6.050000000000001,1.19,125.49900398011133,5.477225575051661,3.1622776601683795,23.5,44900.0,2.75,1,1,1,1,1,1,0,1,0
4387,"SEA WATER, BAY OF BENGAL, KRISHNAPATNAM PORT",2022,ANDHRA PRADESH,MARINE,7.6,6.15,0.975,124.70765814495915,5.744562646538029,2.8284271247461903,20.0,42050.0,2.65,1,1,1,1,1,1,0,1,0
4013,TIRACOL BEACH,2022,GOA,BEACH,7.75,6.7,1.295,111.44505372604026,67.45368781616021,29.154759474226505,29.0,41530.0,1.65,1,1,1,1,1,1,0,1,0
4014,MIRAMAR BEACH,2022,GOA,BEACH,8.1,6.75,0.35,243.7211521390788,166.2828914831589,46.49731175025068,30.0,32353.0,1.5,1,1,1,1,1,1,0,1,0
4015,CALANGUTE BEACH,2022,GOA,BEACH,7.9,6.6,0.37,206.54297373670207,130.95800853708795,19.39071942966532,28.5,41635.0,1.45,1,1,1,1,1,1,0,1,0
4016,MORJIM BEACH,2022,GOA,BEACH,8.0,6.4,0.32,80.24961059095551,53.47896782848375,29.66479394838265,29.0,36165.0,1.55,1,1,1,1,1,1,0,1,0
3051,"BUDAMERU CANAL NEAR BDG AT NH-5, KEESARAPALLI (V), GANNAVARAM (M)",2023,ANDHRA PRADESH,CANAL,7.35,2.35,5.300000000000001,2321.63735324878,176.63521732655693,11.0,24.5,955.0,16.0,1,0,1,0,1,1,1,0,0
4356,"ELERU CANAL, NEAR PHARMA CITY,THADI (V),PARAVADA (M)",2023,ANDHRA PRADESH,CANAL,7.800000000000001,5.5,0.6,185.7417562100671,7.937253933193772,2.0,27.5,175.0,1.95,1,1,1,1,1,1,1,1,1
4370,"KRISHNA CANAL AT HANUMAN NAGAR, NEAR SAIBABA TEMPLE, ELURU",2023,ANDHRA PRADESH,CANAL,7.75,6.300000000000001,1.6,234.9468024894146,12.12435565298214,,25.0,126.0,2.0,1,1,1,1,1,1,1,1,1
2354,"SAMARLA KOTA CANAL,SAMARLA KOTA (V & M)",2023,ANDHRA PRADESH,CANAL,7.35,5.2,1.6,265.329983228432,14.0,4.0,26.0,152.5,3.8,1,1,1,1,1,1,1,1,1
4374,"GOSTTA NADI- VELPURU CANAL AT HANUMAN TEMPLE, DOWNSTREAM OF TANUKU TOWN, TANUKU",2023,ANDHRA PRADESH,CANAL,7.800000000000001,5.75,4.45,169.7056274847714,6.6332495807108,,26.0,125.0,2.9000000000000004,1,1,1,1,1,1,1,1,1
2057,"AGRA CANAL, MADANPUR KHADAR, DELHI",2023,DELHI,CANAL,7.300000000000001,0.9,,,193390.7960581372,,,,39.0,1,0,0,0,0,0,0,0,0
1479,"WESTERN YAMUNA CANAL AT HAIDERPUR WATER WORKS, DELHI",2023,DELHI,CANAL,7.449999999999999,,0.4499999999999999,,,,,,,1,0,1,0,0,0,0,0,0
2265,"CANAL UP STREAM OF CUNCOLIM INDL.EST. CUNCOLIM, SALCETE (1 KM FROM M/S NICOMENT INDUSTRIES)",2023,GOA,CANAL,6.5,6.2,0.55,3588.871688985272,1555.6349186104046,140.0,29.0,716.5,1.35,1,1,1,0,0,1,1,1,0
2266,"CANAL DOWNSTREAM OF CUNCOLIM INDL.EST. CUNCOLIM, SALCETE (NEAR RAILWAY BRIDGE)",2023,GOA,CANAL,6.65,6.3,0.95,1777.6388834631175,734.8469228349534,78.0,28.5,216.0,1.5,1,1,1,0,0,1,1,1,0
2268,CUMBARJUA CANAL CORLIM(DISCHARGE POINT OF SYNGENTA LIMITED),2023,GOA,CANAL,7.25,5.85,0.4499999999999999,1794.435844492636,614.8170459575759,79.0,28.0,627.5,1.5,1,1,1,0,0,1,1,1,0
2073,"NARMADA MAIN CANAL, NR. VILLAGE. LIMBADIA, DIST. GANDHINAGAR,NARMADA CANAL AT LIMBADIYA",2023,GUJARAT,CANAL,7.85,6.199999999999999,0.8,9.16515138991168,2.0,,30.0,108.0,1.15,1,1,1,1,1,1,1,1,1
5521,"NEAR AZARA RAILWAY STATION, GANAKPARA CHAKARDOI",2023,ASSAM,LAKE,7.3,7.35,1.7000000000000002,1122.4972160321825,54.77225575051661,31.304951684997057,28.5,269.0,4.65,1,1,1,0,1,1,1,1,0
5522,AT THE CENTER OF DEEPORBEEL,2023,ASSAM,LAKE,8.1,8.0,1.7999999999999998,56.56854249492381,467.9743582719036,21.908902300206645,27.5,277.0,5.5,1,1,1,1,0,1,1,0,0
3821,"DIPLAI BEEL AT SILGARA, KOKRAJHAR",2023,ASSAM,LAKE,7.3,5.4,1.4,1003.9920318408906,328.63353450309967,119.37336386313322,27.5,127.0,2.2,1,1,1,0,0,1,1,1,0
5619,DOLOO LAKE AT CACHAR,2023,ASSAM,LAKE,7.1,5.3,0.9,1046.4224768228175,431.2771730569565,165.98192672697832,25.0,137.0,3.9,1,1,1,0,0,1,1,1,0
1263,"ELANGABEEL SYSTEM (CONNECTED TO R. KOLONG), ASSAM",2023,ASSAM,LAKE,7.25,4.9,1.6,1200.0,467.9743582719036,150.99668870541498,25.0,258.0,2.55,1,0,1,0,0,1,1,1,0
5623,"HAFLONG LAKE, HAFLONG TOWN",2023,ASSAM,LAKE,7.0,5.449999999999999,0.9,964.3650760992956,328.63353450309967,119.37336386313322,20.5,160.5,2.4000000000000004,1,1,1,1,0,1,1,1,0
3787,"HOLLUNGA BEEL NEAR GAI NADI/ RIVER AT SOMARAJAN, DHEMA JI",2023,ASSAM,LAKE,7.1,6.15,1.3,883.1760866327846,431.2771730569565,141.24446891825534,23.0,122.0,2.3,1,1,1,1,0,1,1,1,0
5617,"JUGIBEEL , GOLAGHAT",2023,ASSAM,LAKE,7.25,6.5,0.75,964.3650760992956,328.63353450309967,119.37336386313322,27.5,99.0,2.3,1,1,1,1,0,1,1,1,0
4337,"KAMALABARI LAKE INSIDE KAMALABARI CHILDREN'S PARK, GELEKY",2023,ASSAM,LAKE,7.05,6.25,1.0,738.9181280764467,509.11688245431424,124.09673645990856,25.5,92.0,2.2,1,1,1,1,0,1,1,1,0
3812,"KAMALPUR BEEL, KAMALPUR",2023,ASSAM,LAKE,7.4,3.25,2.8,2323.7900077244503,869.4826047713664,320.7802986469088,28.5,1034.5,23.6,1,0,1,0,0,1,1,0,0
5621,"LAUKHOWABEEL,DHUBRI",2023,ASSAM,LAKE,7.25,5.3,0.8500000000000001,1200.0,668.1317235396026,141.24446891825534,28.5,142.0,2.35,1,1,1,0,0,1,1,1,0
3783,"MAGURI BEEL, GUIJAN, TINSUKIA",2023,ASSAM,LAKE,6.9,7.399999999999999,1.15,1046.4224768228175,472.4404724407087,141.24446891825534,25.0,139.0,2.3,1,1,1,0,0,1,1,1,0
5622,"MAGURI BEEL NEAR BRIDGE,TINSUKIA",2023,ASSAM,LAKE,7.35,7.25,0.8999999999999999,924.1212041718336,328.63353450309967,121.98360545581524,24.0,141.0,2.25,1,1,1,1,0,1,1,1,0
3800,MALINI BEEL NEAR INDUTRIAL AREA AT RAMNAGAR,2023,ASSAM,LAKE,6.9,4.75,1.25,1128.716084761797,424.2640687119285,141.24446891825534,23.0,152.0,2.4000000000000004,1,0,1,0,0,1,1,1,0
2205,"MER BEEL AT MADHABPUR, ASSAM",2023,ASSAM,LAKE,7.05,6.05,1.2,1039.2304845413264,672.7555276621664,141.24446891825534,22.5,137.0,2.2,1,1,1,0,0,1,1,1,0
5620,"PANIDIHING BIRD SANCTUARY ,SIVASAGAR",2023,ASSAM,LAKE,7.1,5.6,0.95,1519.8684153570664,522.4940191045253,247.38633753705963,30.0,102.0,2.2,1,1,1,0,0,1,1,1,0
3808,PARASHALI BEEL AT DEMORIA,2023,ASSAM,LAKE,7.25,6.1,1.65,916.515138991168,427.7849927241488,141.24446891825534,27.5,120.0,2.35,1,1,1,1,0,1,1,1,0
3798,SAMAGURI BEEL IN NAGAON DISTRICT,2023,ASSAM,LAKE,7.05,5.4,1.15,1128.716084761797,431.2771730569565,141.24446891825534,25.0,105.0,2.25,1,1,1,0,0,1,1,1,0
2215,"SARAN BEEL, ASSAM",2023,ASSAM,LAKE,7.4,7.300000000000001,1.0,825.8329128825031,328.63353450309967,118.11011811017715,27.0,106.0,2.15,1,1,1,1,0,1,1,1,0
3814,"SILSAKO BEEL, CHACHAL, GUWAHATI",2023,ASSAM,LAKE,7.25,2.45,1.35,3117.691453623979,2049.39015319192,474.7630988187688,24.0,408.0,14.9,1,0,1,0,0,1,1,0,0
3804,SON BEEL WATER AT KARIMGANJ,2023,ASSAM,LAKE,7.05,5.7,0.95,1044.9880382090505,431.2771730569565,141.24446891825534,22.0,124.0,2.4,1,1,1,0,0,1,1,1,0
3819,"SORU SOLA BEEL, PALTAN BAZAR, GUWAHATI",2023,ASSAM,LAKE,7.25,0.7000000000000001,3.15,4718.05044483418,3174.9015732775088,474.7630988187688,24.5,405.0,20.2,1,0,1,0,0,1,1,0,0
2225,"BASKANDI POND INSIDE THE BASKANDI MADRASA, BASKANDI, ASSAM",2023,ASSAM,POND,7.05,4.85,0.9,1087.658034494298,620.0,141.24446891825534,21.0,108.0,2.45,1,0,1,0,0,1,1,1,0
2214,"BATODRAWA SATRA POND, NAGAON, ASSAM",2023,ASSAM,POND,7.25,6.3,1.35,935.9487165438072,328.63353450309967,150.99668870541498,25.0,96.5,2.25,1,1,1,1,0,1,1,1,0
2219,"BISHNU PUSKAR PUKHURI OF HAYAGRIB MADHAB TEMPLE, HAJO, ASSAM",2023,ASSAM,POND,7.3,8.5,1.15,1200.0,467.9743582719036,139.7497763862254,28.0,218.0,2.3,1,1,1,0,0,1,1,1,0
2208,"BORPUKHURI, NAZIRA, ASSAM",2023,ASSAM,POND,7.15,6.550000000000001,0.95,798.1227975693965,328.63353450309967,124.09673645990856,27.0,103.0,2.35,1,1,1,1,0,1,1,1,0
3772,BORPUKHURI AT SONARI,2023,ASSAM,POND,7.3,6.75,0.8,877.4964387392122,328.63353450309967,124.09673645990856,28.5,113.0,2.45,1,1,1,1,0,1,1,1,0
2216,"DIGHALI PUKHURI, GUWAHATI, ASSAM",2023,ASSAM,POND,8.05,7.55,1.1,1496.6629547095763,512.6402247190518,186.5475810617763,28.0,180.0,2.55,1,1,1,0,0,1,1,1,0
2221,"GANGA PUKHURI, NALBARI (GORDON SCHOOL), ASSAM",2023,ASSAM,POND,7.45,7.75,1.1,916.515138991168,328.63353450309967,123.28828005937952,28.5,116.0,2.3,1,1,1,1,0,1,1,1,0
2209,"GAURISAGAR TANK, GAURISAGAR, ASSAM",2023,ASSAM,POND,7.1,6.25,1.1,1046.4224768228175,572.3635208501673,193.3907960581372,28.5,112.5,2.1500000000000004,1,1,1,0,0,1,1,1,0
2212,"GOPHUR TANK, GOPHUR, ASSAM",2023,ASSAM,POND,7.199999999999999,7.05,1.15,1044.9880382090505,431.2771730569565,141.24446891825534,25.5,165.0,2.35,1,1,1,0,0,1,1,1,0
2227,"HARDOI PUKHURI, CHARAIDEW, ASSAM",2023,ASSAM,POND,7.1,6.9,0.8500000000000001,948.6832980505138,467.9743582719036,175.49928774784243,28.0,100.0,2.4,1,1,1,1,0,1,1,1,0
2213,"JAIPAL PUKHURI, SIPAJHAR, ASSAM",2023,ASSAM,POND,7.15,7.15,1.3,1080.7404868885037,525.3570214625479,165.98192672697832,27.0,157.0,2.25,1,1,1,0,0,1,1,1,0
1532,"JAYSAGAR TANK, SIVASAGAR, ASSAM",2023,ASSAM,POND,7.25,6.35,0.8,738.9181280764467,328.63353450309967,124.09673645990856,26.0,112.0,2.2,1,1,1,1,0,1,1,1,0
3809,JORPUKHURI AT UZANBAZAR (UGRATALA TEMPLE),2023,ASSAM,POND,7.35,6.35,2.85,1673.320053068151,531.0367218940702,165.98192672697832,25.5,343.0,2.45,1,1,1,0,0,1,1,1,0
2223,"MAHAMAYA MANDIR PUKHURI, ASSAM",2023,ASSAM,POND,7.25,5.2,1.2,1073.312629199899,431.2771730569565,141.24446891825534,28.5,110.0,2.15,1,1,1,0,0,1,1,1,0
4006,NETAI PUKHURI AT NETAI PUKHURI,2023,ASSAM,POND,7.050000000000001,6.6,0.8500000000000001,724.9827584156743,328.63353450309967,118.32159566199232,28.5,105.0,2.35,1,1,1,1,0,1,1,1,0
2211,"PADUMPUKHURI, TEZPUR, ASSAM",2023,ASSAM,POND,7.25,7.0,1.1,948.6832980505138,467.9743582719036,150.99668870541498,27.0,213.0,2.45,1,1,1,1,0,1,1,1,0
2222,"RAJADINIA PUKHURI AT ABHAYAPURI, ASSAM",2023,ASSAM,POND,7.2,5.25,1.35,1087.658034494298,431.2771730569565,139.7497763862254,30.5,144.0,2.25,1,1,1,0,0,0,1,1,0
2224,"RAJAPUKHURI AT GAURIPUR, ASSAM",2023,ASSAM,POND,7.15,5.25,1.25,1010.9401564880088,431.2771730569565,150.99668870541498,28.5,130.0,2.3,1,1,1,0,0,1,1,1,0
2210,"RAJMAW PUKHURI, JORHAT, ASSAM",2023,ASSAM,POND,7.4,6.6,1.0,889.9438184514795,467.9743582719036,172.33687939614086,29.5,110.0,2.35,1,1,1,1,0,1,1,1,0
3806,POND WATER FROM RAMKRISHNA MISSION AT HAILAKANDI,2023,ASSAM,POND,6.85,5.65,0.9,1128.716084761797,431.2771730569565,141.24446891825534,23.0,138.0,2.6,1,1,1,0,0,1,1,1,0
2226,"SIVASAGAR TANK (BORPUKHURI) NEAR SIVADOL, ASSAM",2023,ASSAM,POND,7.199999999999999,6.550000000000001,0.95,896.1026726887941,328.63353450309967,331.66247903554,27.5,95.0,2.4,1,1,1,1,0,1,1,1,0
2217,"SUBHAGYA KUNDA POND KAMAKHYA TEMPLE, GUWAHATI, ASSAM",2023,ASSAM,POND,7.199999999999999,6.75,1.2,1483.2396974191329,522.4940191045253,165.98192672697832,26.0,259.0,2.5,1,1,1,0,0,1,1,1,0
3775,TENGA PUKHURI AT TENGAPUKHURI,2023,ASSAM,POND,7.15,6.65,0.85,1046.4224768228175,467.9743582719036,175.49928774784243,28.0,104.0,2.2,1,1,1,0,0,1,1,1,0
4334,"THOWRADOLE PUKHURI, THOWRADOLE G.P. DEMOW BLOCK",2023,ASSAM,POND,7.0,6.4,0.95,751.1324783285569,328.63353450309967,124.09673645990856,29.0,94.0,2.3,1,1,1,1,0,1,1,1,0
4349,"SEA WATER , BAY OF BENGAL, AFTER CONFLUENCE OF MARINE OUTFALL OF M/S. AUROBINDO PHARMA LTD. PYDIBHEEMAVARAM (V) RANASTHALAM (M)",2021,ANDHRA PRADESH,MARINE,7.65,6.5,1.05,77.9743547584717,5.291502622129181,,27.5,39700.0,2.0,1,1,1,1,1,1,0,1,0
4352,"SEA WAER BAY OF BENGAL, AFTER CONFLUENCE OF MARINE OUTFALL OF M/S MATRIX LABORATORIES LTD.THAMMAVAYAPALEM (V) PUSAPATIREGA (M)",2021,ANDHRA PRADESH,MARINE,7.75,6.9,1.05,77.9743547584717,5.291502622129181,,28.5,44100.0,2.05,1,1,1,1,1,1,0,1,0
4357,RUSHIKONDA BEACH,2021,ANDHRA PRADESH,BEACH,7.8,6.6,0.8,87.63560920082658,6.0,,27.5,45150.0,1.85,1,1,1,1,1,1,0,1,0
4361,"SEA WATER BAY BENGAL, UPPADA BEACH ROAD, KAKINADA",2021,ANDHRA PRADESH,BEACH,7.45,5.1,1.65,67.50555532695068,4.58257569495584,,26.5,41850.0,,1,1,1,1,1,1,0,0,0
4362,"SEA WATER, BAY OF BENGAL NEAR DEEP WATER PORT, KAKINADA (1KM AWAY FROM JETTY)",2021,ANDHRA PRADESH,SEA,7.5,5.5,2.0,87.63560920082658,7.745966692414834,,26.0,25960.0,2.45,1,1,1,1,1,1,0,1,0
4363,"SEA WATER BAY OF BENGAL NEAR KUMBHABHISHEKAM TEMPALE, KAKINADA",2021,ANDHRA PRADESH,SEA,7.5,4.3,1.9,94.86832980505136,6.0,,26.5,23960.0,4.0,1,0,1,1,1,1,0,1,0
4371,"SEA WATER, BAY OF BENGAL AFTER CONFLUENCE OF RIVER VASHISTA GODAVARI AT CHINNAMAINAVANILANKA (V), NARSAPUR (M)",2021,ANDHRA PRADESH,MARINE,7.6,6.15,1.3,87.63560920082658,5.291502622129181,,27.0,28265.0,2.5,1,1,1,1,1,1,0,1,0
4378,"SEA WATER, BAY OF BENGAL, MANGINAPUDI BEACH, MACHILIPATNAM",2021,ANDHRA PRADESH,BEACH,7.4,4.35,1.05,71.83313998427188,3.0,,27.5,46350.0,2.4,1,0,1,1,1,1,0,1,0
4383,"SEA WATER BAY OF BENGAL, FISHING HARBOUR, NIZAMPATNAM",2021,ANDHRA PRADESH,MARINE,7.55,4.45,1.6,71.83313998427188,3.0,,23.0,44300.0,2.4,1,0,1,1,1,1,0,1,0
4385,"SEA WATER, BAY OF BENGAL, KOTHAPATNAM BEACH",2021,ANDHRA PRADESH,BEACH,7.55,4.75,1.1,46.24932431938871,3.0,,23.5,45550.0,2.5,1,0,1,1,1,1,0,1,0
4386,"SEA WATER, BAY OF BENGAL, VADAREVU BEACH, CHIRALA",2021,ANDHRA PRADESH,BEACH,7.4,4.6,1.2000000000000002,52.53570214625479,3.0,,23.5,46000.0,2.6,1,0,1,1,1,1,0,1,0
4387,"SEA WATER, BAY OF BENGAL, KRISHNAPATNAM PORT",2021,ANDHRA PRADESH,MARINE,7.55,4.65,1.15,52.53570214625479,3.0,,20.5,45300.0,2.6,1,0,1,1,1,1,0,1,0
2267,"CREEK AT DANDO MOLLO, VELSAO, MAMUGAO",2021,GOA,CREEK,7.15,6.1,2.05,2321.63735324878,727.3238618387272,,28.5,25920.5,,1,1,1,0,0,1,0,0,0
4013,TIRACOL BEACH,2021,GOA,BEACH,7.899999999999999,7.050000000000001,0.4,212.3205124334434,55.85696017507576,,29.0,43950.0,,1,1,1,1,1,1,0,0,0
4014,MIRAMAR BEACH,2021,GOA,BEACH,7.5,6.75,0.55,107.47092630102338,74.29670248402684,,28.0,38290.0,,1,1,1,1,1,1,0,0,0
4015,CALANGUTE BEACH,2021,GOA,BEACH,7.2,6.55,0.3,190.78784028338916,69.57010852370435,,28.5,46275.0,1.5,1,1,1,1,1,1,0,1,0
4016,MORJIM BEACH,2021,GOA,BEACH,8.0,6.85,1.35,145.46477236774544,67.45368781616021,,29.5,42315.0,,1,1,1,1,1,1,0,0,0
4017,MOBOR BEACH,2021,GOA,BEACH,7.25,6.449999999999999,0.55,133.49157276772192,72.6636084983398,,29.5,41940.0,,1,1,1,1,1,1,0,0,0
2354,"SAMARLA KOTA CANAL, KAKINADA, EAST GODAVARI",2021,ANDHRA PRADESH,CANAL,7.699999999999999,4.4,1.5,158.74507866387543,15.198684153570664,,25.5,369.0,2.9,1,0,1,1,1,1,1,1,0
2355,"TULJE BAGH CANAL, TEKRI DRAIN, KAKINADA, EAST GODAVARI",2021,ANDHRA PRADESH,CANAL,7.3,4.15,2.35,310.80540535840106,24.24871130596428,,27.0,12962.5,4.5,1,0,1,1,1,1,0,1,0
3051,"BUDAMERU CANAL NR BDG AT NH-5, KESARAPALLY, KRISHNA",2021,ANDHRA PRADESH,CANAL,7.550000000000001,6.0,2.25,464.9731175025068,3.0,,25.0,1400.0,4.6,1,1,1,1,1,1,1,1,1
4356,ELERU CANAL NEAR PHARMA CITY,2021,ANDHRA PRADESH,CANAL,7.300000000000001,6.75,0.95,105.64090116995403,7.937253933193772,,27.0,294.0,1.8,1,1,1,1,1,1,1,1,1
4370,"KRISHNA CANAL AT HANUMAN NAGAR, NEAR SAIBABA TEMPLE, ELIRU",2021,ANDHRA PRADESH,CANAL,7.4,4.4,1.4,189.73665961010275,15.198684153570664,,25.0,678.5,2.9000000000000004,1,0,1,1,1,1,1,1,0
4374,"GOSTTA NADI- VELPURU CANAL AT HANUMAN TEMPLE, DOWNSTREAM OF TANUKU TOWN, ATTILI (M)",2021,ANDHRA PRADESH,CANAL,7.55,5.35,1.5499999999999998,169.7056274847714,37.22902093797257,,25.0,685.0,2.55,1,1,1,1,1,1,1,1,1
2057,"AGRA CANAL, MADANPUR KHADAR, DELHI",2021,DELHI,CANAL,7.449999999999999,,0.8500000000000001,3325657.829663178,828251.1696339463,,22.0,1373.0,51.5,1,0,1,0,0,1,1,0,0
2265,"CANAL UP STREAM OF CUNCOLIM INDL.EST. CUNCOLIM, SALCETE (1 KM FROM M/S NICOMENT INDUSTRIES)",2021,GOA,CANAL,7.0,6.55,0.95,2071.231517720798,1347.9614237803692,,29.0,235.0,,1,1,1,0,0,1,1,0,0
2266,"CANAL DOWNSTREAM OF CUNCOLIM INDL.EST. CUNCOLIM, SALCETE (NEAR RAILWAY BRIDGE)",2021,GOA,CANAL,7.1,6.25,0.9,2886.1739379323626,2071.231517720798,,29.0,229.0,,1,1,1,0,0,1,1,0,0
2268,CUMBARJUA CANAL CORLIM(DISCHARGE POINT OF SYNGENTA LIMITED),2021,GOA,CANAL,6.9,6.15,0.4499999999999999,2523.8858928247923,1309.9618315050252,,29.0,23344.0,1.6,1,1,1,0,0,1,0,1,0
2073,"NARMADA MAIN CANAL, NR. VILLAGE. LIMBADIA, DIST. GANDHINAGAR.",2021,GUJARAT,CANAL,7.85,5.949999999999999,,16.792855623746664,,,28.0,,,1,1,0,1,0,1,0,0,0
2074,"TAPI CANAL AT VILLAGE UMARWADA, NEAR GIDC ESTATE OF PANOLI.",2021,GUJARAT,CANAL,8.15,7.75,,58.30951894845301,9.899494936611664,,31.0,562.5,,1,1,0,1,1,0,1,0,0
4421,"FROM NARMADA MAIN CANAL AT INDORAHMEDABAD HIGHWAY BRIDGE NEAR VILLAGE MOTIKANTADI TAL, GODHRA, DIST PANCHMAHAL",2021,GUJARAT,CANAL,7.7,7.550000000000001,0.3,38.34057902536163,,,25.0,427.0,,1,1,1,1,0,1,1,0,0
1013,RIVER SUTLEJ AT U/S TATAPANI,2021,HIMACHAL PRADESH,RIVER,7.75,8.75,0.8300000000000001,4.898979485566356,567.4504383644443,,11.75,2162.5,1.0,1,1,1,1,0,1,0,1,0
4446,RIVER SUTLEJ U/S LANDFILL SITE RAMPUR,2021,HIMACHAL PRADESH,RIVER,8.0,9.0,1.12,13.711309200802088,748.3314773547883,,11.55,2435.0,1.0,1,1,1,1,0,1,0,1,0
4447,RIVER STLUJ D/S LANDFILL SITE RAMPUR,2021,HIMACHAL PRADESH,RIVER,7.800000000000001,8.9,1.12,14.832396974191326,1600.0,,11.45,1451.5,1.0,1,1,1,1,0,1,1,1,0
4032,RIVER SUTLEJ U/S KHAIRIAN SOLID WASTE DUMPING SITE BILASPUR,2021,HIMACHAL PRADESH,RIVER,7.7,9.05,1.05,2.0,171.46428199482247,,15.65,240.5,1.0,1,1,1,1,1,1,1,1,1
4033,RIVER SUTLEJ D/S KHAIRIAN SOLID WASTE DUMPING SITE BILASPUR,2021,HIMACHAL PRADESH,RIVER,7.649999999999999,8.95,0.87,2.0,284.60498941515414,,15.6,231.0,1.0,1,1,1,1,0,1,1,1,0
4450,RIVER SUTLEJ U/S CONFLUENCE WITH GANVI KHAND,2021,HIMACHAL PRADESH,RIVER,7.85,9.2,1.22,2.0,280.0,,11.45,2398.5,1.0,1,1,1,1,0,1,0,1,0
4451,RIVER SUTLEJ D/S CONFLUENCE WITH GANVI KHAND,2021,HIMACHAL PRADESH,RIVER,7.649999999999999,9.2,1.42,3.1622776601683795,593.295878967653,,11.45,2403.5,1.0,1,1,1,1,0,1,0,1,0
30009,RIVER SUTLEJ AT NANGAL (H.P.),2021,HIMACHAL PRADESH,RIVER,7.4,9.3,0.52,51.38093031466052,3130.4951684997054,,17.0,250.0,2.0,1,1,1,1,0,1,1,1,0
1014,RIVER SUTLEJ AT U/S SLAPPER,2021,HIMACHAL PRADESH,RIVER,7.699999999999999,8.95,0.545,2.0,115.88787684654508,,14.6,198.5,1.0,1,1,1,1,1,1,1,1,1
1015,RIVER SUTLEJ AT D/S SLAPPER,2021,HIMACHAL PRADESH,RIVER,7.6,9.05,0.7200000000000001,2.0,171.46428199482247,,14.75,186.5,1.0,1,1,1,1,1,1,1,1,1
1016,RIVER SUTLEJ AT D/S BHAKHRA,2021,HIMACHAL PRADESH,RIVER,7.45,8.8,2.7,2.0,6.6332495807108,,17.1,223.0,1.0,1,1,1,1,1,1,1,1,1
30010,RIVER SUTLEJ AT NOORPUR BEDI ROAD (PUNJAB),2021,PUNJAB,RIVER,7.4,9.55,0.52,77.07139547199077,8694.826047713663,,17.45,258.5,2.0,1,1,1,1,0,1,1,1,0
1814,"RIVER SUTLEJ AT D/S KIRATPUR SAHIB, PUNJAB",2021,PUNJAB,RIVER,8.05,8.7,1.5,,319.8437118343895,,14.65,239.5,1.0,1,1,1,0,0,1,1,1,0
3052,"GUNTATHIPPA DRAIN B/C WITH RIVES CANAL AT RAMAVARAPPADU, VIJAYAWADA TOWN",2023,ANDHRA PRADESH,DRAIN,7.4,1.05,7.15,3458.3232931581165,454.7526800360829,,23.5,1914.0,27.4,1,0,1,0,0,1,0,0,0
3053,"TULIA BAGH DRAIN AT MATLAPALEM (V), VEMULAVADA (M)",2023,ANDHRA PRADESH,DRAIN,7.15,5.9,2.05,185.7417562100671,7.745966692414834,,25.0,12512.5,3.0,1,1,1,1,1,1,0,1,0
4861,"NEAR HUDA/ HSVP WATER WORKS, BASAI, GURUGRAM",2023,HARYANA,WATER TREATMENT PLANT (RAW WATER),7.4,7.35,0.3,2347.3389188611004,113.1370849898476,,26.0,1110.0,1.0,1,1,1,0,1,1,1,1,0
3047,WATER WORKS- GURGAON,2023,HARYANA,WATER TREATMENT PLANT (RAW WATER),7.6,7.15,0.3,3710.7950630558944,184.66185312619388,,29.0,1380.0,1.0,1,1,1,0,1,1,1,1,0
4464,ALHI KHAD NEAR INTAKE WSS AT VILL. NOG,2023,HIMACHAL PRADESH,DRAIN,7.55,8.75,1.45,264.9528259898354,42.98837052040936,,20.5,378.0,1.0,1,1,1,1,1,1,1,1,1
3868,BARAGRAM NALLAH BEFORE CONFLUENCE TO RIVER BEAS,2023,HIMACHAL PRADESH,DRAIN,7.4,8.2,0.5,127.43625857659192,34.899856733230294,,7.0,78.0,1.0,1,1,1,1,1,1,1,1,1
3881,"BHATIAN NALLAH D/S SARA TEXTILE, NALAGARH",2023,HIMACHAL PRADESH,DRAIN,7.8,5.0,6.05,203.9607805437114,56.56854249492381,,20.0,2904.0,10.5,1,1,1,1,1,1,0,0,0
3879,"BHATIAN NALLAH U/S BHATIAN VILLAGE, NEAR TVS INDUSTRY, NALAGARH",2023,HIMACHAL PRADESH,DRAIN,7.6,3.25,3.9,456.0701700396552,105.83005244258362,,18.5,4100.0,45.6,1,0,1,1,1,1,0,0,0
4425,RAW WATER FOR LWSS OF CHURAT NALLAH,2023,HIMACHAL PRADESH,DRAIN,7.9,8.5,2.15,203.9607805437114,22.13594362117865,,11.5,166.5,1.0,1,1,1,1,1,1,1,1,1
4463,DHANESHAR NALLAH (U/S SAINJ WATER SUPPLY SCHEME) NEAR GYASI MATA MANDIR,2023,HIMACHAL PRADESH,DRAIN,8.15,7.649999999999999,1.25,178.88543819998318,18.734993995195197,,14.0,440.0,1.0,1,1,1,1,1,1,1,1,1
4474,HALOG NALLAH NEAR HALOG WATER SUPPLY SCHEME,2023,HIMACHAL PRADESH,DRAIN,7.95,9.5,0.8999999999999999,105.83005244258362,18.43908891458577,,10.5,222.0,1.0,1,1,1,1,1,1,1,1,1
4481,HATHLI NALLAH LIFT WATER SUPPLY SCHEME FOR MUNICIPAL COUNCIL HAMIRPUR,2023,HIMACHAL PRADESH,DRAIN,7.25,8.05,4.4,31.416556144810016,3.4641016151377544,,23.5,479.0,1.65,1,1,1,1,1,1,1,1,1
5253,"HURLA NALLA D/S HURLA BRIDGE, VPO HURLA, TEHSIL BHUNTER, DIS. KULLU",2023,HIMACHAL PRADESH,DRAIN,7.8,7.800000000000001,0.5,274.9545416973504,53.98147830506312,,11.5,107.5,1.0,1,1,1,1,1,1,1,1,1
4426,RAW WATER FOR LWSS OF JAGROTI NALLAH,2023,HIMACHAL PRADESH,DRAIN,7.95,8.45,0.65,56.56854249492381,16.1245154965971,,11.0,124.0,1.0,1,1,1,1,1,1,1,1,1
4454,JARANGLA NALLAH U/S WATER SUPPLY SCHEME,2023,HIMACHAL PRADESH,DRAIN,7.9,9.1,2.85,283.72521918222213,6.324555320336759,,11.5,297.5,1.0,1,1,1,1,1,1,1,1,1
4466,JARANGLA NALLAH D/S WATER SUPPLY SCHEME,2023,HIMACHAL PRADESH,DRAIN,7.95,9.1,2.3000000000000003,339.8529093593286,6.324555320336759,,11.5,318.0,1.0,1,1,1,1,1,1,1,1,1
5257,"KALAM NALLA D/S OF MSW PROCESSING SITE AT CHOWRI, DIST. CHAMBA",2023,HIMACHAL PRADESH,DRAIN,7.55,8.8,1.25,274.22618401604177,6.6332495807108,,13.0,203.5,1.0,1,1,1,1,1,1,1,1,1
4477,KHALADA NALLAH NEAR WATER SUPPLY SCHEME FOR KULLU TOWN,2023,HIMACHAL PRADESH,DRAIN,7.6,8.3,1.6,358.8871688985272,59.3295878967653,,10.0,148.5,1.0,1,1,1,1,1,1,1,1,1
4455,KLUIN NALLAH U/S WATER SUPPLY SCHEME,2023,HIMACHAL PRADESH,DRAIN,7.6,9.25,1.0,573.5852159879995,8.94427190999916,,10.5,286.5,1.0,1,1,1,1,1,1,1,1,1
4482,LIFT WATER SUPPLY SCHEME (PANJARAR) AND BHOTA ROPARI & UJHAN,2023,HIMACHAL PRADESH,DRAIN,7.3,8.0,0.95,34.49637662132068,2.8284271247461903,,23.5,500.5,1.55,1,1,1,1,1,1,1,1,1
4036,"KUNNI PUL, VILL SAMAHU, PO KUNIHAR, TEHSIL ARKI",2023,HIMACHAL PRADESH,DRAIN,8.15,7.6,3.25,85.73214099741124,4.898979485566356,,12.5,1935.5,1.4,1,1,1,1,1,1,0,1,0
4430,LIFT NALLAH BEFORE CONFLUENCE TO ASHWANI KHAD NEAR DOGRHA BRIDGE,2023,HIMACHAL PRADESH,DRAIN,7.1000000000000005,7.25,3.6,929.51600308978,77.13624310270757,,16.0,455.5,6.75,1,1,1,1,1,1,1,0,0
4475,"MACHADA NALLAH, MAJHOUTI WATER SUPPLY SCHEME NEAR NIRATH",2023,HIMACHAL PRADESH,DRAIN,7.9,9.5,1.2999999999999998,183.3030277982336,34.49637662132068,,10.5,237.5,1.0,1,1,1,1,1,1,1,1,1
4476,MANALSU NALLAH NEAR WATER SUPPLY SCHEME FOR MANALI TOWN,2023,HIMACHAL PRADESH,DRAIN,7.55,8.6,0.5,212.9788721915862,60.33241251599343,,7.5,54.5,1.0,1,1,1,1,1,1,1,1,1
4034,SAHU NALLAH U/S BHURI SINGH SHEP,2023,HIMACHAL PRADESH,DRAIN,7.899999999999999,9.25,1.8,712.460525222275,11.6619037896906,,11.5,208.0,1.0,1,1,1,1,1,1,1,1,1
4035,SAHU NALLAH D/S BHURI SINGH SHEP,2023,HIMACHAL PRADESH,DRAIN,7.85,9.1,1.6,761.3146524269712,13.638181696985855,,11.0,210.5,1.0,1,1,1,1,1,1,1,1,1
4462,SAINJ NALLAH (U/S SAINJ WATER SUPPLY SCHEME AT DARGI),2023,HIMACHAL PRADESH,DRAIN,8.0,7.6,1.45,203.9607805437114,13.038404810405298,,14.0,393.0,1.0,1,1,1,1,1,1,1,1,1
3867,SARVARI NALLAH BEFORE CONFLUENCE TO RIVER BEAS,2023,HIMACHAL PRADESH,DRAIN,7.550000000000001,8.05,0.95,206.54297373670207,57.445626465380286,,10.5,164.0,1.0,1,1,1,1,1,1,1,1,1
1870,"SUKHANA NALLAH AT PARWANOO NEAR KALKA BARRIER, EXIT POINT OF H. P.",2023,HIMACHAL PRADESH,DRAIN,7.85,6.5,8.1,183.3030277982336,56.56854249492381,,9.5,768.5,13.5,1,1,1,1,1,1,1,0,0
3875,SURAJMUKHI NALLAH U/S WSS GALAYANA D/S OF SHOOLINI UNIVERSITY,2023,HIMACHAL PRADESH,DRAIN,8.0,8.0,6.6,113.84199576606166,8.12403840463596,,8.0,538.0,4.25,1,1,1,1,1,1,1,1,1
4480,SURAJMUKHI NALLAH D/S STP AT U/S OF SHOOLINI UNIVERSITY SAMTI SOLAN,2023,HIMACHAL PRADESH,DRAIN,8.0,7.65,5.3500000000000005,95.39392014169457,6.928203230275509,,7.0,522.5,1.8,1,1,1,1,1,1,1,1,1
2789,"NALA AT D/S OF AKLAI MANDIR, VILLAGE- AKLAI, TALUKA- MALSHIRAS, DISTRICT- SOLAPUR.",2023,MAHARASHTRA,DRAIN,7.65,4.800000000000001,1.35,367.4234614174767,54.77225575051661,,31.0,1497.5,10.1,1,0,1,1,1,0,1,0,0
2178,"CHIKHALI NALA MEETS GODAVARI RIVER, VILLAGE- CHIKHALI, TALUKA- NASHIK, DISTRICT- NASHIK.",2023,MAHARASHTRA,DRAIN,7.7,3.15,2.8000000000000003,90.0,26.0768096208106,,24.5,914.0,10.5,1,0,1,1,1,1,1,0,0
2790,"PIMPAL-PANERI NALA AT RATNAGIRI NEAR FINOLEX INDUSTRIES, VILLAGE- YAHGANIGAON, TALUKA- RATNAGIRI, DISTRICT- RATNAGIRI.",2023,MAHARASHTRA,DRAIN,6.6,7.45,1.0,30.04995840263344,8.12403840463596,,28.5,2860.5,2.4,1,1,1,1,1,1,0,1,0
3923,GURADIH NALLAH AT PANPOSH,2023,ODISHA,DRAIN,7.300000000000001,4.0,5.0,35552.77766926235,13349.157276772194,,27.0,522.5,6.15,1,0,1,0,0,1,1,0,0
20046,MADURAI,2023,TAMIL NADU,STP,7.300000000000001,3.15,0.65,209.76176963403032,148.32396974191326,,32.0,1460.0,11.0,1,0,1,1,1,0,1,0,0
3054,"RIVER GODAVARI - OUTLET OF ASH POND EFFLUENTS OF M/S.NTPC, RAMAGUNDAM",2023,TELANGANA,DRAIN,9.85,3.8,2.35,68.99275324264136,5.830951894845301,,27.0,821.0,3.2,0,0,1,1,1,1,1,1,0
4665,"RIVER MANERU (TRIBUTARY OF GODAVARI) - OUTLET OF KTPP ASH POND JOINING TO MORANCHA VAGU, CHELPUR (V), GHANPUR (MULUGU) (M), , JAYASHANKAR BHUPALAPALLI DISTRICT",2023,TELANGANA,DRAIN,8.15,4.449999999999999,8.7,38.8329756778952,2.0,,26.5,689.0,2.5,1,0,1,1,1,1,1,1,0
3055,"AMBERPET STP (339 MLD) - OUTLET , AMBERPET (V&M), HYDERABAD",2023,TELANGANA,STP,7.55,2.75,6.1,449.8888751680797,13.564659966250536,,28.0,1490.5,17.2,1,0,1,1,1,1,1,0,0
3050,WATER WORKS- GHAZIABAD,2023,UTTAR PRADESH,WATER TREATMENT PLANT (RAW WATER),7.3,5.65,0.3,2.0,2.0,,22.0,180.5,1.0,1,1,1,1,1,1,1,1,1
